"iso3","country","year","dxp","gdppc","trade","inf","fdi","hipc","post_decision","post_completion","completion_year","decision_year","ln_relief"
"AGO","Angola",1990,85.6841147539101,965.866840464665,NA,NA,-2.98142869155218,0,0,0,NA,NA,0
"AGO","Angola",1991,84.8786055943759,881.919488130062,NA,83.7837837837838,6.26663053571429,0,0,0,NA,NA,0
"AGO","Angola",1992,287.568152746417,668.706017459877,NA,299.509803921569,3.46608752793541,0,0,0,NA,NA,0
"AGO","Angola",1993,326.524497253351,449.727894936295,NA,1378.52760736196,5.2368632542517,0,0,0,NA,NA,0
"AGO","Angola",1994,581.118594659053,334.973590276074,NA,949.792531120332,3.83703655802979,0,0,0,NA,NA,0
"AGO","Angola",1995,241.057580028413,404.29481849612,NA,2666.45059288538,8.52948883994992,0,0,0,NA,NA,0
"AGO","Angola",1996,180.899433628874,531.115366543271,NA,4145.10598220638,2.39900196315229,0,0,0,NA,NA,0
"AGO","Angola",1997,147.806121516533,521.70291489053,NA,219.176721172974,5.38231611756009,0,0,0,NA,NA,0
"AGO","Angola",1998,194.747864891032,429.188126933192,NA,107.284821528298,17.1216116785351,0,0,0,NA,NA,0
"AGO","Angola",1999,223.247861326023,392.725539027496,NA,248.195902412868,40.1672485630423,0,0,0,NA,NA,0
"AGO","Angola",2000,131.075486566154,563.733795571487,NA,324.996871601321,9.62386615038711,0,0,0,NA,NA,0
"AGO","Angola",2001,119.007608419805,533.586202412447,NA,152.561022469299,24.0090757001341,0,0,0,NA,NA,0
"AGO","Angola",2002,66.8015479069923,999.065855913758,90.5708209731095,108.897436089429,10.0713557339551,0,0,0,NA,NA,0
"AGO","Angola",2003,56.6608944666511,1133.66331960607,90.6807161820483,98.2241436573304,17.5840588571176,0,0,0,NA,NA,0
"AGO","Angola",2004,46.5316387283025,1451.47117872493,90.3860384733605,43.5421067519687,8.13849032848245,0,0,0,NA,NA,0
"AGO","Angola",2005,37.1535135368479,2145.88621096327,95.3414592884703,22.953513851394,-3.14962046173322,0,0,0,NA,NA,0
"AGO","Angola",2006,21.4383204383608,2930.4442860732,84.6246041171541,13.3052101780032,-0.0643009490167298,0,0,0,NA,NA,0
"AGO","Angola",2007,20.7080710064909,3515.05678986535,97.2256306999958,12.2514974459487,-1.22312266225132,0,0,0,NA,NA,0
"AGO","Angola",2008,20.8444196333637,4578.15526451517,108.680408741993,12.4758291326398,1.69952793928946,0,0,0,NA,NA,0
"AGO","Angola",2009,31.9407468104196,3645.14846562976,102.263183257986,13.7302839288408,2.69909240017807,0,0,0,NA,NA,0
"AGO","Angola",2010,35.3911613090284,4101.63715566712,90.9940631355109,14.4696564932577,-3.37761927933748,0,0,0,NA,NA,0
"AGO","Angola",2011,33.9687833337354,5184.15269149912,89.0369443425845,13.4824679218511,-2.40838836782517,0,0,0,NA,NA,0
"AGO","Angola",2012,30.7446796123415,5702.45306277434,81.9394785486361,10.2779049218839,-1.02012839058611,0,0,0,NA,NA,0
"AGO","Angola",2013,35.3141708088895,5688.57916215215,77.3498013716078,8.77781429332624,-4.78350487024797,0,0,0,NA,NA,0
"AGO","Angola",2014,35.9601982257134,5649.68762469139,69.5801424481147,7.28038730361121,2.38352427018273,0,0,0,NA,NA,0
"AGO","Angola",2015,56.7801551813803,3641.72893919944,54.9793808779835,9.35597215533784,9.7795154502448,0,0,0,NA,NA,0
"AGO","Angola",2016,114.845094739154,2051.81462126253,47.0155661405313,30.6944150806719,-0.299804386002375,0,0,0,NA,NA,0
"AGO","Angola",2017,84.9404832711627,2790.71886869768,45.6643423539921,29.8444799015679,-8.76696380208172,0,0,0,NA,NA,0
"AGO","Angola",2018,84.2843625797666,2860.0936483682,58.916480075976,19.6289379701521,-7.21246216123288,0,0,0,NA,NA,0
"AGO","Angola",2019,96.5947267900598,2493.67884440177,60.7148243336685,17.080954143438,-5.07649440156737,0,0,0,NA,NA,0
"AGO","Angola",2020,148.159899274824,1759.35619918264,54.3442286847189,22.271539247051,-3.17143620765821,0,0,0,NA,NA,0
"AGO","Angola",2021,108.138096106725,2303.90812662776,61.5262136695806,25.7542948841891,-5.47403409372737,0,0,0,NA,NA,0
"AGO","Angola",2022,62.7115153094556,3682.1131513698,55.2547732713835,21.3552901320822,-5.02899288556058,0,0,0,NA,NA,0
"BTN","Bhutan",1990,31.0423621624063,488.327431477129,61.2162874391515,10.0118383223406,0.556009229910456,0,0,0,NA,NA,0
"BTN","Bhutan",1991,39.4793354873786,400.634705187075,75.9729858132023,12.2751729438893,0.249693827492942,0,0,0,NA,NA,0
"BTN","Bhutan",1992,42.0921120119101,415.791522568451,91.7608375674865,15.975217361539,NA,0,0,0,NA,NA,0
"BTN","Bhutan",1993,47.8568248058352,407.39984249657,78.7559933474217,11.1980165874679,NA,0,0,0,NA,NA,0
"BTN","Bhutan",1994,43.7735679729839,467.008312125283,72.1007793556435,7.00995355009951,NA,0,0,0,NA,NA,0
"BTN","Bhutan",1995,41.7651199520432,530.103676927417,83.8829086495551,9.48754836789369,0.0172122381711195,0,0,0,NA,NA,0
"BTN","Bhutan",1996,42.143634578129,552.873891403681,84.629491433895,8.79001381935162,0.461424354408845,0,0,0,NA,NA,0
"BTN","Bhutan",1997,37.2867282180907,630.447410148304,85.2114372285036,6.50548718269086,-0.198734302841513,0,0,0,NA,NA,0
"BTN","Bhutan",1998,55.6865946001539,638.278962310609,85.5831350923996,10.5855899892463,NA,0,0,0,NA,NA,0
"BTN","Bhutan",1999,58.5995375781584,685.419830628567,85.866205982457,6.77699393553632,0.263020421489478,0,0,0,NA,NA,0
"BTN","Bhutan",2000,45.970158103703,771.924911410619,74.0264971104432,4.01212081070342,NA,0,0,0,NA,NA,0
"BTN","Bhutan",2001,54.9964360247908,812.238210772056,71.0945747295588,3.41478946111594,NA,0,0,0,NA,NA,0
"BTN","Bhutan",2002,70.0250730771053,895.799489930972,70.2833172005966,2.45535714285714,0.433615900118682,0,0,0,NA,NA,0
"BTN","Bhutan",2003,77.3528202547004,1022.38240311018,72.8499006593611,2.57230861693339,0.516969908871867,0,0,0,NA,NA,0
"BTN","Bhutan",2004,83.5882778970017,1130.35934606796,89.0605518004294,4.10593698272958,1.20485866433723,0,0,0,NA,NA,0
"BTN","Bhutan",2005,77.3543597134731,1299.94938578359,97.7434135429344,5.3126310463775,0.721867150911614,0,0,0,NA,NA,0
"BTN","Bhutan",2006,76.7695887569685,1405.6071618158,108.157794891125,5.00045438022541,0.649361841531609,0,0,0,NA,NA,0
"BTN","Bhutan",2007,64.6856311952781,1850.41570433398,106.929022415,5.15611138758463,5.88132297381915,0,0,0,NA,NA,0
"BTN","Bhutan",2008,53.9988211399385,1919.59774896395,101.954235669521,8.32716049382713,0.23863062320184,0,0,0,NA,NA,0
"BTN","Bhutan",2009,61.4121935667988,1918.39599211093,101.559411565244,4.36112219119805,1.37452904839501,0,0,0,NA,NA,0
"BTN","Bhutan",2010,57.6608858212657,2435.5798056672,105.010666693593,7.03638316073019,4.40487201345335,0,0,0,NA,NA,0
"BTN","Bhutan",2011,57.4352950866873,2787.97967608562,102.795600221106,8.848985699468,1.57461513860453,0,0,0,NA,NA,0
"BTN","Bhutan",2012,79.1608314145797,2751.2128864294,94.0450271469571,10.919656944683,1.2354733641673,0,0,0,NA,NA,0
"BTN","Bhutan",2013,89.4459115640474,2679.95217201538,95.0525382780424,8.77638345268213,1.05127659163372,0,0,0,NA,NA,0
"BTN","Bhutan",2014,99.3381192854371,2849.49998647303,87.9342562013295,8.27106093949328,1.12656942719562,0,0,0,NA,NA,0
"BTN","Bhutan",2015,103.230441033963,2954.04081911097,89.6391604595496,4.54814395082205,0.294858179551153,0,0,0,NA,NA,0
"BTN","Bhutan",2016,110.020732525956,3152.30905106786,76.3847528498375,3.21988689395718,0.504099187674602,0,0,0,NA,NA,0
"BTN","Bhutan",2017,113.849547308498,3435.28804735662,76.7884016850221,4.95508366985129,-0.638806366922729,0,0,0,NA,NA,0
"BTN","Bhutan",2018,112.222258298103,3400.20417245342,79.7397203296083,2.72396386183713,0.10255942689779,0,0,0,NA,NA,0
"BTN","Bhutan",2019,111.877606026612,3576.87987100503,76.1235167041505,2.72643037388832,0.475617042344246,0,0,0,NA,NA,0
"BTN","Bhutan",2020,139.831817651251,3191.66906999331,71.8303510394637,5.62936522632508,-0.113401528947433,0,0,0,NA,NA,0
"BTN","Bhutan",2021,125.138819900092,3570.61257980872,77.5824482709826,7.3468144053353,0.244983575408047,0,0,0,NA,NA,0
"BTN","Bhutan",2022,115.015506284534,3711.32767981591,85.5712165226139,5.6391667139637,0.289904655137253,0,0,0,NA,NA,0
"CPV","Cabo Verde",1990,43.2618858141938,817.442925539738,85.9515840306445,10.6535057862491,0.0823097605799336,0,0,0,NA,NA,0
"CPV","Cabo Verde",1991,41.8162246626864,831.61388764249,80.9539693096621,9.55090741310361,0.545399202839722,0,0,0,NA,NA,0
"CPV","Cabo Verde",1992,39.6142534894459,907.847909529157,83.9398899681127,3.11666432682861,0.126125688840816,0,0,0,NA,NA,0
"CPV","Cabo Verde",1993,30.0319888710386,1220.04997868613,60.3064320023898,5.78839590443697,0.743054427415921,0,0,0,NA,NA,0
"CPV","Cabo Verde",1994,43.3045312668364,991.108974352157,71.5634420456064,3.45205833010708,0.523498435615536,0,0,0,NA,NA,0
"CPV","Cabo Verde",1995,44.1865711068566,1165.13832331934,77.5155513809747,8.35152497972927,5.37425869038076,0,0,0,NA,NA,0
"CPV","Cabo Verde",1996,40.7247710946379,1179.51522705182,75.4899678573908,5.96361961777576,5.68310475150467,0,0,0,NA,NA,0
"CPV","Cabo Verde",1997,42.4065840740003,1133.57422614008,85.979346154719,8.55606258148634,2.35964256897109,0,0,0,NA,NA,0
"CPV","Cabo Verde",1998,47.7855002394687,1186.74294773086,81.8814137506275,4.39423509983477,1.3017068264142,0,0,0,NA,NA,0
"CPV","Cabo Verde",1999,56.3006616029225,1326.74466945164,80.9690199640443,4.35643374510453,9.10423779012784,0,0,0,NA,NA,0
"CPV","Cabo Verde",2000,60.8757417668506,1189.51479345891,87.5206083614917,-2.47745668519835,6.34282422287075,0,0,0,NA,NA,0
"CPV","Cabo Verde",2001,62.0508060171613,1223.33055331575,92.1637224974152,3.34996472317894,1.60013112628632,0,0,0,NA,NA,0
"CPV","Cabo Verde",2002,64.0311671711992,1328.57874270666,101.089702293616,1.88453410076765,2.37854487715663,0,0,0,NA,NA,0
"CPV","Cabo Verde",2003,55.2618528555334,1717.97565369655,98.7683808076547,1.18817038620528,4.82213415181345,0,0,0,NA,NA,0
"CPV","Cabo Verde",2004,51.1923988249657,1929.49081468781,101.567169989502,-1.8908217230618,7.312720061603,0,0,0,NA,NA,0
"CPV","Cabo Verde",2005,50.8730033274413,2004.14680417563,104.343839857053,0.41889161285517,8.2812271109681,0,0,0,NA,NA,0
"CPV","Cabo Verde",2006,49.3282468372477,2256.99666191075,117.816697232822,5.36907687065549,11.8764317277784,0,0,0,NA,NA,0
"CPV","Cabo Verde",2007,35.8772938012979,3324.57675212498,94.2062075477847,4.41099704193489,11.6247473388534,0,0,0,NA,NA,0
"CPV","Cabo Verde",2008,32.7383904262931,3908.64885822576,90.9663882396256,6.77443546371143,10.7624753520891,0,0,0,NA,NA,0
"CPV","Cabo Verde",2009,40.0472340793016,3659.72046361628,80.4609561325344,0.991103480568085,6.80241863090143,0,0,0,NA,NA,0
"CPV","Cabo Verde",2010,50.5191117434846,3579.46006137809,85.5484498816191,2.07866470906424,6.36802137795552,0,0,0,NA,NA,0
"CPV","Cabo Verde",2011,52.7704943299126,4002.01386888785,90.5564501122747,4.47388342165023,4.99538224029443,0,0,0,NA,NA,0
"CPV","Cabo Verde",2012,87.4461943700545,3736.81517011087,90.649916554117,2.54039644167109,6.69129799994045,0,0,0,NA,NA,0
"CPV","Cabo Verde",2013,100.211107068706,3960.97596791345,86.1698600308418,1.50654285701407,4.40125011545419,0,0,0,NA,NA,0
"CPV","Cabo Verde",2014,95.0517280164041,3985.60706548134,91.3038524117221,-0.238778144990624,8.84407322092194,0,0,0,NA,NA,0
"CPV","Cabo Verde",2015,108.898740758427,3415.06266730931,94.0084870167993,0.131187999024545,5.49024513305668,0,0,0,NA,NA,0
"CPV","Cabo Verde",2016,102.626920378854,3608.96605234906,95.3781398609533,-1.40781637091706,6.82845117866997,0,0,0,NA,NA,0
"CPV","Cabo Verde",2017,109.265288203302,3893.09571382506,100.052133904219,0.784415251101334,5.59469673480566,0,0,0,NA,NA,0
"CPV","Cabo Verde",2018,96.8787144558663,4294.96510035729,105.867524052105,1.25699566690509,4.69595735976167,0,0,0,NA,NA,0
"CPV","Cabo Verde",2019,97.4432945234761,4380.78117331128,103.602656463726,1.10666674296063,5.45788755667341,0,0,0,NA,NA,0
"CPV","Cabo Verde",2020,136.237789037921,3539.22661248299,78.3934545931901,0.605795808395385,3.71218491455203,0,0,0,NA,NA,0
"CPV","Cabo Verde",2021,121.406606891511,3971.44409203423,77.4550586265341,1.86215297494647,4.45730498164251,0,0,0,NA,NA,0
"CPV","Cabo Verde",2022,108.275748298134,4323.31362032709,96.9941368513357,7.93092925430087,5.43014452079405,0,0,0,NA,NA,0
"DJI","Djibouti",1990,NA,780.497719360725,NA,NA,0.0132647080044086,0,0,0,NA,NA,0
"DJI","Djibouti",1991,42.4187812828448,732.733101553782,NA,NA,0.495241664547389,0,0,0,NA,NA,0
"DJI","Djibouti",1992,44.1694557718439,763.659214503152,NA,NA,0.479043325761231,0,0,0,NA,NA,0
"DJI","Djibouti",1993,47.5377793715867,758.733842733535,NA,NA,0.305457425513059,0,0,0,NA,NA,0
"DJI","Djibouti",1994,50.700086963461,784.556207408331,NA,NA,0.289528343451566,0,0,0,NA,NA,0
"DJI","Djibouti",1995,52.9305899383012,786.201866748458,NA,NA,0.646649181513972,0,0,0,NA,NA,0
"DJI","Djibouti",1996,56.4719360635592,761.943659476655,NA,NA,0.660629876416651,0,0,0,NA,NA,0
"DJI","Djibouti",1997,51.0642721699568,748.232840194914,NA,NA,0.616772633652726,0,0,0,NA,NA,0
"DJI","Djibouti",1998,53.2119057027716,735.349107889529,NA,NA,0.617093489663684,0,0,0,NA,NA,0
"DJI","Djibouti",1999,49.1563697223289,740.21930978973,NA,NA,0.599332232633272,0,0,0,NA,NA,0
"DJI","Djibouti",2000,52.5352242003136,737.612183644052,NA,NA,0.596129445834392,0,0,0,NA,NA,0
"DJI","Djibouti",2001,51.2473760774394,742.133791107063,NA,1.74665224985434,0.592742006829803,0,0,0,NA,NA,0
"DJI","Djibouti",2002,59.1529064264454,743.013270420348,NA,0.63761955366632,0.580649337298248,0,0,0,NA,NA,0
"DJI","Djibouti",2003,61.5327461758601,764.634465224597,NA,1.98196734627545,2.28673980374562,0,0,0,NA,NA,0
"DJI","Djibouti",2004,66.8509148498461,806.261652944964,NA,3.12226204699354,5.78669482576557,0,0,0,NA,NA,0
"DJI","Djibouti",2005,66.7501330392416,844.4483573908,NA,3.10496640148298,3.13326292887826,0,0,0,NA,NA,0
"DJI","Djibouti",2006,71.5531617177801,898.464628136774,NA,3.48340699677866,14.0839401368509,0,0,0,NA,NA,0
"DJI","Djibouti",2007,92.9119463966667,969.573220191902,NA,4.96597654553301,23.0388936446947,0,0,0,NA,NA,0
"DJI","Djibouti",2008,81.9170031593552,1119.15233346969,NA,11.9586206896552,22.785843817934,0,0,0,NA,NA,0
"DJI","Djibouti",2009,83.9265785312392,1150.9375857489,NA,1.67549587285964,9.2325515288363,0,0,0,NA,NA,0
"DJI","Djibouti",2010,67.0646568443457,1213.23352553429,NA,3.95007875923885,3.23415329697175,0,0,0,NA,NA,0
"DJI","Djibouti",2011,61.6657905187845,1306.34552844977,NA,5.0687139477799,6.37538483893525,0,0,0,NA,NA,0
"DJI","Djibouti",2012,58.090597298747,1400.19357858954,NA,3.73120950756887,8.1261509172004,0,0,0,NA,NA,0
"DJI","Djibouti",2013,40.6920825984022,2075.94498424748,347.720317058403,2.70603242872182,13.9893763417185,0,0,0,NA,NA,0
"DJI","Djibouti",2014,42.9271673641205,2214.62084142432,298.564535821251,1.34186494340157,6.88983261287099,0,0,0,NA,NA,0
"DJI","Djibouti",2015,51.2014218463801,2376.12554719873,268.363456254629,-0.847389733971996,5.93271216592944,0,0,0,NA,NA,0
"DJI","Djibouti",2016,67.4162737541098,2510.4300076241,213.071998607921,2.73841208738755,6.1420623506391,0,0,0,NA,NA,0
"DJI","Djibouti",2017,86.0029214045977,2618.95521147369,305.967966403468,0.568112117084804,5.97013597143086,0,0,0,NA,NA,0
"DJI","Djibouti",2018,83.7652176445944,2718.08338799203,300.398900523844,0.14797084987711,5.83497725047345,0,0,0,NA,NA,0
"DJI","Djibouti",2019,85.2277738046756,2837.16902340932,320.93923036418,3.31925372703827,5.66550441566635,0,0,0,NA,NA,0
"DJI","Djibouti",2020,95.2325058529055,2844.88810647853,225.744871323723,1.7774078380617,5.03254315668511,0,0,0,NA,NA,0
"DJI","Djibouti",2021,96.2217659599007,3025.91126413549,263.477728733891,1.18191775339802,4.91482788768696,0,0,0,NA,NA,0
"DJI","Djibouti",2022,87.3175079251638,3133.25779772463,302.285409231545,5.17980847967061,5.24930012962196,0,0,0,NA,NA,0
"EGY","Egypt, Arab Rep.",1990,78.8457727674791,735.982935028025,52.9227557411273,16.7563747077691,1.70781419624217,0,0,0,NA,NA,0
"EGY","Egypt, Arab Rep.",1991,86.6419730599405,622.829605007867,62.8444444444444,19.7485448195578,0.676690666666667,0,0,0,NA,NA,0
"EGY","Egypt, Arab Rep.",1992,74.0896473366142,680.79923864551,59.3098490294752,13.6374241717218,1.09661732566499,0,0,0,NA,NA,0
"EGY","Egypt, Arab Rep.",1993,65.4923875025721,740.334217356418,55.9278350515464,12.0897922868977,1.05842525773196,0,0,0,NA,NA,0
"EGY","Egypt, Arab Rep.",1994,62.362127998641,807.303537230487,50.6285714285714,8.15423128587096,2.42013257142857,0,0,0,NA,NA,0
"EGY","Egypt, Arab Rep.",1995,55.3438841620587,916.326617700876,50.2450980392157,15.7422305021596,0.994028431372549,0,0,0,NA,NA,0
"EGY","Egypt, Arab Rep.",1996,46.2968747922495,1008.97637629447,46.9485614646905,7.18710369719992,0.940414995640802,0,0,0,NA,NA,0
"EGY","Egypt, Arab Rep.",1997,37.94020848832,1146.20172117634,43.7382474614517,4.62560578826438,1.13537589319293,0,0,0,NA,NA,0
"EGY","Egypt, Arab Rep.",1998,37.7513678480621,1212.82259820477,41.9276270006959,3.8725754642749,1.26843702157272,0,0,0,NA,NA,0
"EGY","Egypt, Arab Rep.",1999,34.1163848938461,1268.30949160496,38.3615084525358,3.07949912638332,1.1743928153446,0,0,0,NA,NA,0
"EGY","Egypt, Arab Rep.",2000,29.1436697781484,1366.09274372613,39.0179359012055,2.68380535348546,1.23699720670391,0,0,0,NA,NA,0
"EGY","Egypt, Arab Rep.",2001,28.9819896399422,1295.1374184163,39.8104265402844,2.26975720475956,0.527384722609423,0,0,0,NA,NA,0
"EGY","Egypt, Arab Rep.",2002,34.8088896707165,1116.82884626213,40.9870678279229,2.73723855000334,0.759753233043019,0,0,0,NA,NA,0
"EGY","Egypt, Arab Rep.",2003,37.9984128219101,1031.27556291284,46.1796407185629,4.50777636319304,0.295683832335329,0,0,0,NA,NA,0
"EGY","Egypt, Arab Rep.",2004,39.9656119503054,991.255689145253,57.8199052132701,11.270619332052,1.59083618380383,0,0,0,NA,NA,0
"EGY","Egypt, Arab Rep.",2005,34.1985013048919,1105.53920713903,62.9526462395543,4.86939696871988,5.99551598885794,0,0,0,NA,NA,0
"EGY","Egypt, Arab Rep.",2006,28.7414925057896,1298.97900203124,61.5185365063947,7.64452644526434,9.34856726566294,0,0,0,NA,NA,0
"EGY","Egypt, Arab Rep.",2007,26.2922867901955,1547.74170735909,65.077873254565,9.3189690579923,8.87633606337272,0,0,0,NA,NA,0
"EGY","Egypt, Arab Rep.",2008,20.6637689686303,1896.21594269779,71.6806253489671,18.3168316831684,5.8314126186488,0,0,0,NA,NA,0
"EGY","Egypt, Arab Rep.",2009,18.7094477594032,2161.63964573927,56.5534446363462,11.7634954386443,3.54835118019574,0,0,0,NA,NA,0
"EGY","Egypt, Arab Rep.",2010,17.1484993453553,2455.08194645282,47.9363500745898,11.2651882653185,2.91601657550141,0,0,0,NA,NA,0
"EGY","Egypt, Arab Rep.",2011,15.3121406993227,2590.64384891965,45.2556341623514,10.0649259874818,-0.204542848807527,0,0,0,NA,NA,0
"EGY","Egypt, Arab Rep.",2012,14.6941589979995,2996.0677072015,40.7117692721084,7.11172943343083,1.00234071774049,0,0,0,NA,NA,0
"EGY","Egypt, Arab Rep.",2013,16.5588608179564,3025.52563552448,40.373038056332,9.46971981064921,1.45343420769727,0,0,0,NA,NA,0
"EGY","Egypt, Arab Rep.",2014,14.0020767838652,3133.39102265541,36.9201877934272,10.0702154687481,1.50925042253521,0,0,0,NA,NA,0
"EGY","Egypt, Arab Rep.",2015,15.4090910799379,3306.98159414141,34.8459429600229,10.370490343517,2.10258128401326,0,0,0,NA,NA,0
"EGY","Egypt, Arab Rep.",2016,21.0959884446522,3270.6287768197,30.2465490514505,13.813606214829,2.43856278142762,0,0,0,NA,NA,0
"EGY","Egypt, Arab Rep.",2017,34.6961018574758,2395.10333299491,42.8321343581608,29.5066083940039,2.98301550917695,0,0,0,NA,NA,0
"EGY","Egypt, Arab Rep.",2018,38.8036123837843,2484.70315630508,45.9110196733959,14.4014657807422,3.10040077579187,0,0,0,NA,NA,0
"EGY","Egypt, Arab Rep.",2019,37.3486377137165,2962.98892023003,41.1240171551108,9.15279959324804,2.82732944960686,0,0,0,NA,NA,0
"EGY","Egypt, Arab Rep.",2020,35.5843178235706,3511.11381026379,32.1262555667523,5.04493288977539,1.52462948997172,0,0,0,NA,NA,0
"EGY","Egypt, Arab Rep.",2021,35.4130599251787,3827.35415374308,29.8569734808122,5.21404940513043,1.20617861055665,0,0,0,NA,NA,0
"EGY","Egypt, Arab Rep.",2022,35.3832819125992,4233.30783744856,36.9831048772713,13.8956609775178,2.39118080969079,0,0,0,NA,NA,0
"JOR","Jordan",1990,211.223418649428,1148.59005469899,149.4476838941,16.1921375615233,0.904951524213929,0,0,0,NA,NA,0
"JOR","Jordan",1991,243.603960084647,1109.65564611997,137.261663286004,8.15549597855212,-0.273621540083886,0,0,0,NA,NA,0
"JOR","Jordan",1992,160.533224988594,1286.6347360596,131.644698648349,3.9958356055719,0.766783016836771,0,0,0,NA,NA,0
"JOR","Jordan",1993,144.070329526269,1289.4145431007,130.485233240655,3.31666666666706,-0.598396989551083,0,0,0,NA,NA,0
"JOR","Jordan",1994,127.554052364155,1367.18721776691,118.336176072338,3.51669624132886,0.045776079316656,0,0,0,NA,NA,0
"JOR","Jordan",1995,118.783202123083,1415.71151592128,124.582688188008,2.35312451301273,0.197813411584189,0,0,0,NA,NA,0
"JOR","Jordan",1996,111.367141017405,1410.17424189419,131.059123299943,6.50121802679586,0.223959605831094,0,0,0,NA,NA,0
"JOR","Jordan",1997,103.929126146715,1435.87593846863,120.737112880307,3.0378842030025,4.9812158137543,0,0,0,NA,NA,0
"JOR","Jordan",1998,97.2557012859487,1532.11380395602,109.052402937716,3.09166666666703,3.9181432493137,0,0,0,NA,NA,0
"JOR","Jordan",1999,101.384262064357,1544.58750592979,104.470373639306,0.606256567779427,1.93828634719554,0,0,0,NA,NA,0
"JOR","Jordan",2000,129.218123009942,1570.61002940477,110.328904595996,0.66688092559796,10.7940053678297,0,0,0,NA,NA,0
"JOR","Jordan",2001,130.076903135917,1632.29454010563,109.285478573786,1.77220437351017,3.04850514227071,0,0,0,NA,NA,0
"JOR","Jordan",2002,134.858416337977,1706.26744384401,114.03885781572,1.83299389002049,2.48601734100151,0,0,0,NA,NA,0
"JOR","Jordan",2003,120.987761153873,1775.67625581432,115.706835253918,1.62999999999998,5.36472671434697,0,0,0,NA,NA,0
"JOR","Jordan",2004,110.353717573538,1940.08641342805,134.621611934395,3.36186821476601,8.2092227069918,0,0,0,NA,NA,0
"JOR","Jordan",2005,98.7666113352152,2087.87079273635,146.908891279018,3.49368534619531,15.7636461414358,0,0,0,NA,NA,0
"JOR","Jordan",2006,89.3343301813528,2342.63459574933,141.747381831126,6.25172466656443,23.5372913427131,0,0,0,NA,NA,0
"JOR","Jordan",2007,84.0345273140491,2506.20599484139,145.994246288526,4.74390639021648,15.3248262609959,0,0,0,NA,NA,0
"JOR","Jordan",2008,59.8991464158498,3241.6524135556,140.91292596092,13.9712310012729,12.4753075049094,0,0,0,NA,NA,0
"JOR","Jordan",2009,57.2775695624817,3435.8337590698,112.151998187109,-0.739069743144777,9.83417874476547,0,0,0,NA,NA,0
"JOR","Jordan",2010,62.7590806656665,3718.46571622945,114.222677694125,4.84551875852116,6.22247566973912,0,0,0,NA,NA,0
"JOR","Jordan",2011,59.7339174529003,3946.85503855525,118.699679501801,4.1624416292779,5.03335872688489,0,0,0,NA,NA,0
"JOR","Jordan",2012,58.5598260044692,4169.50470054618,117.855587685189,4.5152295667099,4.89480688682321,0,0,0,NA,NA,0
"JOR","Jordan",2013,67.4266385860852,4311.21916713038,111.451527997628,4.82462314269537,5.64977168714588,0,0,0,NA,NA,0
"JOR","Jordan",2014,66.2217873926144,4191.18050084986,109.938805535022,2.89947905006057,5.91204890205889,0,0,0,NA,NA,0
"JOR","Jordan",2015,67.0927641139484,4042.75678097555,95.3579122266791,-0.876851359704049,4.14720229174937,0,0,0,NA,NA,0
"JOR","Jordan",2016,68.4833967118955,3986.71677010853,88.7207178954687,-0.778430463054142,3.89285142868971,0,0,0,NA,NA,0
"JOR","Jordan",2017,72.5857469158017,4065.61628749384,89.7316005071358,3.32389447576097,4.87814133167977,0,0,0,NA,NA,0
"JOR","Jordan",2018,73.9512312696322,4145.43989673265,87.6359151906857,4.46231108475481,2.20177686575576,0,0,0,NA,NA,0
"JOR","Jordan",2019,75.2477556467505,4170.1144003465,85.6878334964204,0.761514047265601,1.63970565115643,0,0,0,NA,NA,0
"JOR","Jordan",2020,87.2903094132487,4022.0401356135,66.0599488089059,0.333294350628378,1.73975978294192,0,0,0,NA,NA,0
"JOR","Jordan",2021,90.649566277089,4183.49998326866,80.3328699444404,1.34609377243118,1.34316062049226,0,0,0,NA,NA,0
"JOR","Jordan",2022,85.3105835968273,4332.25159897931,104.095459439189,4.22915568897117,1.97382535440765,0,0,0,NA,NA,0
"KEN","Kenya",1990,85.9692823704326,374.458992895562,57.0209136817269,17.78181442992,0.665873838508099,0,0,0,NA,NA,0
"KEN","Kenya",1991,95.8287706134185,344.722642127742,55.5976992243654,20.0844955754632,0.231012730760901,0,0,0,NA,NA,0
"KEN","Kenya",1992,87.8233129467514,336.68139978696,52.9308701038286,27.3323644475784,0.0775129679334538,0,0,0,NA,NA,0
"KEN","Kenya",1993,131.899672456245,228.998032843434,72.8584813635643,45.9788813036218,2.53235257436033,0,0,0,NA,NA,0
"KEN","Kenya",1994,104.989738995445,276.447871981244,71.2661252293107,28.8143894306731,0.10397675056386,0,0,0,NA,NA,0
"KEN","Kenya",1995,83.7618607478318,340.064842175429,71.7457416403035,1.55432816055009,0.467474589272783,0,0,0,NA,NA,0
"KEN","Kenya",1996,57.6458704752809,440.527078880876,57.3121107038102,8.86408741577522,0.902159604566332,0,0,0,NA,NA,0
"KEN","Kenya",1997,49.9477374885962,466.723814611399,54.0571168602893,11.3618450505783,0.473451703489222,0,0,0,NA,NA,0
"KEN","Kenya",1998,48.8621957249724,487.883239905452,48.8972419400753,6.72243650753928,0.188365603434476,0,0,0,NA,NA,0
"KEN","Kenya",1999,51.2837287259863,433.721235701305,48.1922749889095,5.74200109520484,0.402864561234926,0,0,0,NA,NA,0
"KEN","Kenya",2000,48.8816816711472,414.626365130846,53.3090443862273,9.98002515350979,0.872896453431273,0,0,0,NA,NA,0
"KEN","Kenya",2001,42.8030792314832,410.700452474814,55.9468360286644,5.73859814341467,0.0408333582871574,0,0,0,NA,NA,0
"KEN","Kenya",2002,46.7971661071858,402.936385605382,55.1726722640053,1.96130821739162,0.210062364887451,0,0,0,NA,NA,0
"KEN","Kenya",2003,45.5616989858586,442.898457253405,54.132265895729,9.81569062979654,0.548412532071825,0,0,0,NA,NA,0
"KEN","Kenya",2004,43.3540299808694,463.662781300121,59.4770033484289,11.6240355442426,0.286194263505208,0,0,0,NA,NA,0
"KEN","Kenya",2005,34.7059410831863,523.456312433863,64.4788661639796,10.3127783574683,0.113202068934601,0,0,0,NA,NA,0
"KEN","Kenya",2006,26.0902560577936,699.80237063381,55.2364851257303,14.4537342081708,0.196219632064752,0,0,0,NA,NA,0
"KEN","Kenya",2007,23.8155904871498,840.201439476765,53.8947888046059,9.75888023027529,2.28124317373484,0,0,0,NA,NA,0
"KEN","Kenya",2008,21.4473704486947,915.54435473604,57.5785986473131,26.2398166445063,0.266291327300955,0,0,0,NA,NA,0
"KEN","Kenya",2009,23.2191740274624,1047.9678324485,45.9451918127805,9.23412592394652,0.274534230856511,0,0,0,NA,NA,0
"KEN","Kenya",2010,22.2953111640431,1091.51873101194,50.3942873502834,3.96138889115385,0.392164287395035,0,0,0,NA,NA,0
"KEN","Kenya",2011,23.9314455090232,1096.14499807675,58.4022059745625,14.0224913014704,3.09471103381268,0,0,0,NA,NA,0
"KEN","Kenya",2012,23.5760157767792,1285.00536171512,51.6236920232481,9.37777003547598,2.44725940988928,0,0,0,NA,NA,0
"KEN","Kenya",2013,25.277644789086,1370.87885214659,47.4646425127304,5.71749357037733,1.81417037253291,0,0,0,NA,NA,0
"KEN","Kenya",2014,27.916456980179,1482.81566253497,46.170489362216,6.87815499275949,1.20220842439576,0,0,0,NA,NA,0
"KEN","Kenya",2015,31.3058278228131,1489.11959777284,40.3273846919019,6.58215429284779,0.883799936312692,0,0,0,NA,NA,0
"KEN","Kenya",2016,28.5315668521598,1554.12610314423,34.8650195731824,6.29724953814625,0.627591266355583,0,0,0,NA,NA,0
"KEN","Kenya",2017,33.4901470475528,1667.48447230835,35.9950578754074,8.00564967709945,1.64083690398642,0,0,0,NA,NA,0
"KEN","Kenya",2018,34.6140434138868,1836.45275528993,34.4147531767425,4.6898064677633,0.832686217791619,0,0,0,NA,NA,0
"KEN","Kenya",2019,35.4042862038635,1960.40808854893,31.759461841481,5.23963795764792,0.468168547481475,0,0,0,NA,NA,0
"KEN","Kenya",2020,38.0454096339675,1927.66459027849,30.3991387830411,5.40516207933392,-0.00536845439351621,0,0,0,NA,NA,0
"KEN","Kenya",2021,38.1042168095825,2061.35622089594,35.0020477795269,6.10793603659176,0.382593996518954,0,0,0,NA,NA,0
"KEN","Kenya",2022,36.8769031537885,2109.56288513137,40.2753238373561,7.65986268272224,0.691645983068062,0,0,0,NA,NA,0
"LAO","Lao PDR",1990,204.322713112016,200.7349054896,35.8472084769786,35.642982971227,0.693192942833295,0,0,0,NA,NA,0
"LAO","Lao PDR",1991,182.195597725916,231.806227548139,38.1823216438676,13.4415584415586,0.671148791332591,0,0,0,NA,NA,0
"LAO","Lao PDR",1992,169.999428931897,247.345286150532,44.1307586141721,9.86452966991032,0.691607729252085,0,0,0,NA,NA,0
"LAO","Lao PDR",1993,149.630603542765,283.400573286349,52.6288120122103,6.26722241519029,2.25193217872285,0,0,0,NA,NA,0
"LAO","Lao PDR",1994,134.351263898427,320.968128951646,64.809269997254,6.7844807862023,3.83517469899485,0,0,0,NA,NA,0
"LAO","Lao PDR",1995,122.800653248717,357.758162193406,60.5544661404946,19.5939189878584,5.39257398643831,0,0,0,NA,NA,0
"LAO","Lao PDR",1996,120.976222210959,371.341879197673,63.7571736099789,13.0244156963462,8.52870931249719,0,0,0,NA,NA,0
"LAO","Lao PDR",1997,136.453435804827,339.09319241187,65.1569707659458,27.5088624491449,5.20889423950572,0,0,0,NA,NA,0
"LAO","Lao PDR",1998,197.826462435573,243.923962451418,84.2695405093512,90.9807345622878,3.58543935160818,0,0,0,NA,NA,0
"LAO","Lao PDR",1999,178.816116079389,272.325307005412,80.0584561654881,125.27212839928,5.42480319770453,0,0,0,NA,NA,0
"LAO","Lao PDR",2000,152.434338096078,318.749852236965,68.8373013678325,25.0846414281315,1.95760389973722,0,0,0,NA,NA,0
"LAO","Lao PDR",2001,149.169270500604,320.316005439568,65.8994368798482,7.81180794783471,1.35157901983042,0,0,0,NA,NA,0
"LAO","Lao PDR",2002,183.229264533177,313.350817148131,67.2549028523532,10.6313446323333,0.253176893420544,0,0,0,NA,NA,0
"LAO","Lao PDR",2003,127.831435110767,355.097216151461,60.572095882788,15.4893529233525,0.962969691363706,0,0,0,NA,NA,0
"LAO","Lao PDR",2004,122.797728173317,409.296298284117,66.0797516222837,10.4622667314208,0.714895049062071,0,0,0,NA,NA,0
"LAO","Lao PDR",2005,116.229622636213,466.061506997741,71.7926462737852,7.16541759946639,1.01332132437858,0,0,0,NA,NA,0
"LAO","Lao PDR",2006,110.78425152654,579.391947440719,81.9613754162421,6.54559439052787,5.42138961728604,0,0,0,NA,NA,0
"LAO","Lao PDR",2007,117.627795477078,697.323013673925,79.2126289035269,4.66197269469701,7.66062749777557,0,0,0,NA,NA,0
"LAO","Lao PDR",2008,104.977445749086,885.747376088762,81.8491820941317,7.62880887577516,4.18200303606929,0,0,0,NA,NA,0
"LAO","Lao PDR",2009,108.962711915111,935.03237283283,76.930826218652,0.141187674980385,5.45905949594973,0,0,0,NA,NA,0
"LAO","Lao PDR",2010,95.0325837576076,1125.91610151261,84.7203378916677,5.98254521550082,3.90935018167503,0,0,0,NA,NA,0
"LAO","Lao PDR",2011,84.2580581799268,1361.54704394913,91.6986958680216,7.5689885610998,3.43702755895922,0,0,0,NA,NA,0
"LAO","Lao PDR",2012,75.2648139935419,1563.5650771337,98.1851264313662,4.2551267783209,6.06067602678934,0,0,0,NA,NA,0
"LAO","Lao PDR",2013,70.3766803245105,1812.51774424651,98.1791466159604,6.37142717782947,5.68624628337024,0,0,0,NA,NA,0
"LAO","Lao PDR",2014,74.2873303911514,1981.03910900473,99.0597382933399,4.12924306873771,6.53385086120159,0,0,0,NA,NA,0
"LAO","Lao PDR",2015,83.3437474242682,2121.01339097363,85.798321703681,1.27735427102992,7.47075777292731,0,0,0,NA,NA,0
"LAO","Lao PDR",2016,88.8346384248363,2303.22156035363,75.0918909204124,1.59691227583204,5.87774436155716,0,0,0,NA,NA,0
"LAO","Lao PDR",2017,93.2218114749206,2432.43059478511,NA,0.825478607568026,9.87799160512334,0,0,0,NA,NA,0
"LAO","Lao PDR",2018,91.9320039908858,2545.1075420815,NA,2.04039266890201,7.4856486219066,0,0,0,NA,NA,0
"LAO","Lao PDR",2019,107.830507207668,2589.32081035237,NA,3.32255881256925,4.03149139231071,0,0,0,NA,NA,0
"LAO","Lao PDR",2020,114.458438862839,2583.77730696131,NA,5.10407262959919,5.09807193491087,0,0,0,NA,NA,0
"LAO","Lao PDR",2021,105.390103058838,2526.05105018529,NA,3.75562036658877,5.69344695957329,0,0,0,NA,NA,0
"LAO","Lao PDR",2022,129.23155614525,2046.40440255621,NA,22.9562225132056,4.69509225789707,0,0,0,NA,NA,0
"LSO","Lesotho",1990,41.3247523005544,329.563785157203,NA,11.6347569955818,2.76298171211478,0,0,0,NA,NA,0
"LSO","Lesotho",1991,41.4388183096375,382.291247739142,NA,17.6781002638523,1.13441336327666,0,0,0,NA,NA,0
"LSO","Lesotho",1992,40.7998959739558,443.624297195576,NA,17.2085201793721,1.00716319020597,0,0,0,NA,NA,0
"LSO","Lesotho",1993,46.4511648160931,439.365410681482,NA,13.1356607683724,1.87377245483422,0,0,0,NA,NA,0
"LSO","Lesotho",1994,51.5573454870473,455.593586203956,NA,8.21473862195302,4.92676177966186,0,0,0,NA,NA,0
"LSO","Lesotho",1995,51.1041039479169,513.413448796175,NA,9.27083333333323,2.41305020942596,0,0,0,NA,NA,0
"LSO","Lesotho",1996,55.3598046402899,479.671394625707,NA,9.33031458531928,3.07295646324888,0,0,0,NA,NA,0
"LSO","Lesotho",1997,50.9168398308987,501.981388900965,NA,NA,3.27452575616452,0,0,0,NA,NA,0
"LSO","Lesotho",1998,57.7320789603099,464.683745548265,NA,NA,3.05351437026074,0,0,0,NA,NA,0
"LSO","Lesotho",1999,57.4996215177329,455.650054387377,NA,NA,2.4144158659022,0,0,0,NA,NA,0
"LSO","Lesotho",2000,68.0824704093267,442.779545779081,NA,6.13197538722696,3.65200401728829,0,0,0,NA,NA,0
"LSO","Lesotho",2001,57.301673167109,412.677473676821,NA,-9.61615353858472,3.59634195549178,0,0,0,NA,NA,0
"LSO","Lesotho",2002,63.4369205822665,388.92334985135,NA,33.812578338126,3.65971744859451,0,0,0,NA,NA,0
"LSO","Lesotho",2003,42.6476037328897,583.270036200288,NA,6.62916357146762,3.79574836270242,0,0,0,NA,NA,0
"LSO","Lesotho",2004,37.3121483848754,766.685820928242,NA,5.02342068616285,3.68383275611256,0,0,0,NA,NA,0
"LSO","Lesotho",2005,30.5163405854888,861.381496414995,NA,3.43788423057443,1.6309558178279,0,0,0,NA,NA,0
"LSO","Lesotho",2006,29.3057848468101,925.467485502842,NA,6.07271879734293,1.35116866658488,0,0,0,NA,NA,0
"LSO","Lesotho",2007,29.2370221953251,861.188420899563,165.048948833372,8.01243669043409,4.49541724323026,0,0,0,NA,NA,0
"LSO","Lesotho",2008,29.2593849086732,898.482517882593,161.126590593391,10.7156661309681,0.623122767576779,0,0,0,NA,NA,0
"LSO","Lesotho",2009,33.4280167854159,878.847950537772,158.894737585637,-16.8596910540644,5.24720669313801,0,0,0,NA,NA,0
"LSO","Lesotho",2010,27.4384612861811,1119.47557793042,150.102435487333,-2.40524254598706,0.425490583298807,0,0,0,NA,NA,0
"LSO","Lesotho",2011,26.3385185030518,1280.73390931581,149.796606699153,5.0366305210156,2.37160157638289,0,0,0,NA,NA,0
"LSO","Lesotho",2012,31.2593634380508,1217.93071228944,150.208575358438,6.05143662139967,2.28650169667391,0,0,0,NA,NA,0
"LSO","Lesotho",2013,34.0219300417939,1151.03735837227,133.36548975517,4.86511899496385,2.13033827559342,0,0,0,NA,NA,0
"LSO","Lesotho",2014,33.5371164978444,1173.5377928819,126.292475360578,5.37028961008587,3.86963158626918,0,0,0,NA,NA,0
"LSO","Lesotho",2015,36.0951584026764,1121.19851342518,129.722773082867,3.21844513655931,4.79809498524625,0,0,0,NA,NA,0
"LSO","Lesotho",2016,56.5717759737007,992.491840678465,136.31524774176,6.59650490696543,3.74733138412509,0,0,0,NA,NA,0
"LSO","Lesotho",2017,57.4106195232648,1069.36673247542,146.366771329494,4.447699373763,1.82806623182623,0,0,0,NA,NA,0
"LSO","Lesotho",2018,48.0945365684483,1170.65569702819,144.434955465602,4.7518030162474,1.59898721077784,0,0,0,NA,NA,0
"LSO","Lesotho",2019,55.5086365768084,1082.05706777516,140.51663349168,5.18708359197982,1.49464849213428,0,0,0,NA,NA,0
"LSO","Lesotho",2020,71.1626094449749,918.582574704447,141.096605062998,4.97809676252309,1.36347415769606,0,0,0,NA,NA,0
"LSO","Lesotho",2021,65.1532610232936,1066.58645143823,139.186479465407,6.04774591950676,-0.512915958026648,0,0,0,NA,NA,0
"LSO","Lesotho",2022,63.9955181858327,1030.12582947757,142.373981074229,8.27180389943028,-0.332065069453934,0,0,0,NA,NA,0
"PNG","Papua New Guinea",1990,83.773407136274,826.317152082832,89.5715493140888,6.9533615990307,4.8269122747966,0,0,0,NA,NA,0
"PNG","Papua New Guinea",1991,75.7223172534564,941.707721616563,94.4197914355447,6.96568127760753,3.18418311784417,0,0,0,NA,NA,0
"PNG","Papua New Guinea",1992,95.2183641461363,1050.7071689258,93.5519772673455,4.30961457009748,2.42903575338544,0,0,0,NA,NA,0
"PNG","Papua New Guinea",1993,71.9794748347569,1151.28388116601,89.5892872552444,4.97411430311646,1.24740106098499,0,0,0,NA,NA,0
"PNG","Papua New Guinea",1994,54.7787094194557,1228.24343638772,93.3026653165289,2.85272217387134,1.08514966617677,0,0,0,NA,NA,0
"PNG","Papua New Guinea",1995,57.3362075708199,998.229967376131,104.739980951459,17.280932681459,9.8050738668279,0,0,0,NA,NA,0
"PNG","Papua New Guinea",1996,53.4128450281203,1071.04185150251,107.803352613066,11.6241782908448,2.13047333489178,0,0,0,NA,NA,0
"PNG","Papua New Guinea",1997,56.1365321900516,989.721550965343,99.2079750268377,3.96437805228409,0.573526453442751,0,0,0,NA,NA,0
"PNG","Papua New Guinea",1998,76.9683917134137,733.479860137662,102.860932133887,13.5741917656809,2.88798382712168,0,0,0,NA,NA,0
"PNG","Papua New Guinea",1999,83.2527142491513,649.994719718763,116.006802066106,14.9321817407701,8.57120177875045,0,0,0,NA,NA,0
"PNG","Papua New Guinea",2000,70.3975803949116,635.957919047725,115.421837958873,15.5958933107535,2.74030313917345,0,0,0,NA,NA,0
"PNG","Papua New Guinea",2001,72.306572557055,537.847459634131,117.580367053663,9.29817332783968,2.05072450909515,0,0,0,NA,NA,0
"PNG","Papua New Guinea",2002,66.9412795231058,506.331789534482,118.919110291279,11.7994470972606,0.672123736108209,0,0,0,NA,NA,0
"PNG","Papua New Guinea",2003,59.5371930653565,577.467922387259,123.449069006746,14.7090779663557,4.76766811241029,0,0,0,NA,NA,0
"PNG","Papua New Guinea",2004,49.7264993657946,620.596147680561,131.082911016249,2.15893131266946,0.828665064000147,0,0,0,NA,NA,0
"PNG","Papua New Guinea",2005,41.3222330614445,744.486489977433,NA,1.78080439925826,0.821562762714584,0,0,0,NA,NA,0
"PNG","Papua New Guinea",2006,23.2993441096311,1238.18282926706,NA,2.3684623841683,1.53859475240196,0,0,0,NA,NA,0
"PNG","Papua New Guinea",2007,17.3473573972822,1370.753415829,NA,0.91135045567524,1.36861708392094,0,0,0,NA,NA,0
"PNG","Papua New Guinea",2008,13.0262202785007,1624.79319935188,NA,10.7614182326827,0.410070468415145,0,0,0,NA,NA,0
"PNG","Papua New Guinea",2009,16.4344727852789,1568.83193368607,NA,6.91832532601224,3.61496051286185,0,0,0,NA,NA,0
"PNG","Papua New Guinea",2010,45.4164854141367,1866.86889851208,NA,6.01360893567856,0.249749808529939,0,0,0,NA,NA,0
"PNG","Papua New Guinea",2011,77.3301927875645,2288.37591141234,NA,4.44083401028971,0.202496658911332,0,0,0,NA,NA,0
"PNG","Papua New Guinea",2012,73.8824913690792,2635.0873631547,NA,4.53720508166972,0.135226482435046,0,0,0,NA,NA,0
"PNG","Papua New Guinea",2013,110.583402721767,2560.77458976327,NA,4.9603174603175,0.126069328063533,0,0,0,NA,NA,0
"PNG","Papua New Guinea",2014,89.5636730101092,2723.17529825196,NA,5.22211720226841,0.126824295087963,0,0,0,NA,NA,0
"PNG","Papua New Guinea",2015,100.404554250921,2484.5963398603,NA,5.99595778127107,0.138228028178879,0,0,0,NA,NA,0
"PNG","Papua New Guinea",2016,97.1388021415025,2316.39479758492,NA,6.6737288135593,-0.188417025477419,0,0,0,NA,NA,0
"PNG","Papua New Guinea",2017,79.5083290021728,2477.76530986323,NA,5.42204568023834,-0.788236305745218,0,0,0,NA,NA,0
"PNG","Papua New Guinea",2018,77.8044370657937,2566.36833735041,NA,4.37448921453162,1.27185526445477,0,0,0,NA,NA,0
"PNG","Papua New Guinea",2019,81.4496731940156,2575.77274140393,NA,3.92867290939597,1.35581279394242,0,0,0,NA,NA,0
"PNG","Papua New Guinea",2020,78.1107677202084,2429.61134585269,NA,4.87167398565555,0.473794497066331,0,0,0,NA,NA,0
"PNG","Papua New Guinea",2021,80.3922795089323,2607.57861874444,NA,4.48359014042398,-0.131822921345615,0,0,0,NA,NA,0
"PNG","Papua New Guinea",2022,65.8166135991383,3102.28968594061,NA,5.25323922215241,3.76981381554657,0,0,0,NA,NA,0
"PHL","Philippines",1990,61.4493906243295,803.572588255813,42.922356288058,12.1773522064946,1.04933276347518,0,0,0,NA,NA,0
"PHL","Philippines",1991,63.0007122391573,804.323330530547,44.2199237760081,19.2614585266282,1.05051459399718,0,0,0,NA,NA,0
"PHL","Philippines",1992,54.4500067646635,916.515694532029,44.9911427301615,8.65100357865265,0.377343949882479,0,0,0,NA,NA,0
"PHL","Philippines",1993,57.4048242064896,918.642953796961,50.4650429209218,6.71631104109973,1.99559842727954,0,0,0,NA,NA,0
"PHL","Philippines",1994,53.6591815600724,1059.9838951587,52.5265038023175,10.3864734299517,2.17470533097175,0,0,0,NA,NA,0
"PHL","Philippines",1995,45.2674540124483,1199.84171414993,57.3305579762779,6.83199610989534,1.74612997966882,0,0,0,NA,NA,0
"PHL","Philippines",1996,44.9231480432396,1311.09249403865,63.8553035508774,7.4761037778791,1.60277940029249,0,0,0,NA,NA,0
"PHL","Philippines",1997,51.3207229650644,1273.27604875636,77.2286459172662,5.59025939650601,1.29853131183765,0,0,0,NA,NA,0
"PHL","Philippines",1998,63.1272199943038,982.865943728564,80.077201518421,9.23493432267121,3.0701111773194,0,0,0,NA,NA,0
"PHL","Philippines",1999,60.2148759291196,1101.43515975318,77.1614937122172,5.93904901780808,2.13567999418902,0,0,0,NA,NA,0
"PHL","Philippines",2000,63.8299045574974,1050.79273107952,85.1533684600039,3.9771250324928,1.77722452613512,0,0,0,NA,NA,0
"PHL","Philippines",2001,67.5173431225323,969.530611744453,84.9003886237531,5.34550195567142,0.96298544393499,0,0,0,NA,NA,0
"PHL","Philippines",2002,65.0270153606938,1014.90879320106,83.8448040937789,2.72277227722765,2.09827504516588,0,0,0,NA,NA,0
"PHL","Philippines",2003,65.8782675934404,1027.2301192843,87.5746443636636,2.28915662650607,0.565263243432102,0,0,0,NA,NA,0
"PHL","Philippines",2004,58.8498252315545,1099.63013023758,87.1252848232048,4.82921083627795,0.623144777963454,0,0,0,NA,NA,0
"PHL","Philippines",2005,49.7600218675303,1220.46018559867,83.8456745708051,6.51685393258433,1.54906009249231,0,0,0,NA,NA,0
"PHL","Philippines",2006,41.3110356432286,1426.14649179546,80.8505386728775,5.4852320675105,2.12091886479217,0,0,0,NA,NA,0
"PHL","Philippines",2007,34.804532967813,1712.65543282793,73.6449799920629,2.90000000000003,1.87121245887706,0,0,0,NA,NA,0
"PHL","Philippines",2008,29.3273873367195,1959.29233534978,67.6810707730401,8.26044703595725,0.737800589215242,0,0,0,NA,NA,0
"PHL","Philippines",2009,28.5128651981622,1864.45043406471,60.8865907869758,4.21903052064628,1.17324821246427,0,0,0,NA,NA,0
"PHL","Philippines",2010,28.1961962919996,2162.91375885614,66.1042785137797,3.78983634797591,0.513698049517659,0,0,0,NA,NA,0
"PHL","Philippines",2011,25.344502088236,2383.91892522087,60.7958366999075,4.7184170471842,0.856963002985963,0,0,0,NA,NA,0
"PHL","Philippines",2012,23.4044291733867,2614.61644401308,57.8420055133082,3.02696391124796,1.22763000703119,0,0,0,NA,NA,0
"PHL","Philippines",2013,24.1818488040641,2781.27957677397,55.8247812320298,2.58268766141795,1.31642638378197,0,0,0,NA,NA,0
"PHL","Philippines",2014,23.7207481738751,2866.83803761407,57.4681720875945,3.59782343864211,1.92937522802216,0,0,0,NA,NA,0
"PHL","Philippines",2015,23.3400182272902,2909.85818010301,59.1415921053094,0.674192536845408,1.84018010717942,0,0,0,NA,NA,0
"PHL","Philippines",2016,21.2638927411851,2985.19564024046,61.7760657653871,1.25369880080982,2.59850803494211,0,0,0,NA,NA,0
"PHL","Philippines",2017,20.1794848256215,3038.12124959289,68.1683697426727,2.85318772590947,3.12238778404896,0,0,0,NA,NA,0
"PHL","Philippines",2018,20.6399906442903,3168.51036609727,72.1633982990273,5.30934661627707,2.86833826070497,0,0,0,NA,NA,0
"PHL","Philippines",2019,20.3516842117646,3400.78949767074,68.8418422595678,2.39206534422404,2.30117498598294,0,0,0,NA,NA,0
"PHL","Philippines",2020,25.3116389229833,3227.57910235199,58.1695603022281,2.3931623931624,1.88586363211171,0,0,0,NA,NA,0
"PHL","Philippines",2021,26.1303951987477,3484.38593882819,63.4846098136712,3.92718022100332,3.04078855310045,0,0,0,NA,NA,0
"PHL","Philippines",2022,25.875290276635,3548.06930572116,72.4296836107599,5.82115811213955,2.3475097233369,0,0,0,NA,NA,0
"WSM","Samoa",1990,53.9270912522764,743.994213008355,NA,15.2384632724695,5.24782997288413,0,0,0,NA,NA,0
"WSM","Samoa",1991,67.5756129441494,741.563963808482,NA,-1.81919798798399,2.53986542875199,0,0,0,NA,NA,0
"WSM","Samoa",1992,68.9377738606144,776.740824409711,NA,9.03113792907172,3.77920261583348,0,0,0,NA,NA,0
"WSM","Samoa",1993,80.5786357479085,774.988631552282,NA,1.71509123658868,3.755927872144,0,0,0,NA,NA,0
"WSM","Samoa",1994,78.6737751487808,1276.85021574897,NA,12.0803818909762,1.35686372324476,0,0,0,NA,NA,0
"WSM","Samoa",1995,81.5840653169717,1288.10473321401,NA,-2.90352865746142,1.52980179721455,0,0,0,NA,NA,0
"WSM","Samoa",1996,67.660803196997,1419.35849045228,NA,5.37461972030278,0.464171058597735,0,0,0,NA,NA,0
"WSM","Samoa",1997,53.6224429255652,1607.88744330521,NA,6.86182355310877,7.00234996176022,0,0,0,NA,NA,0
"WSM","Samoa",1998,58.6472224434836,1506.30359215846,NA,2.21883468834654,1.11323349425146,0,0,0,NA,NA,0
"WSM","Samoa",1999,62.9014722238314,1416.76915966987,NA,0.265120132560355,-0.281322366753033,0,0,0,NA,NA,0
"WSM","Samoa",2000,57.027211088708,1424.75240002471,NA,0.966782350024729,-0.466208760178323,0,0,0,NA,NA,0
"WSM","Samoa",2001,54.410649921275,1453.87021324606,NA,3.83828463867725,0.531202467169116,0,0,0,NA,NA,0
"WSM","Samoa",2002,56.6146485007696,1527.55790455937,87.9199711386734,8.0503144654087,0.567585520505441,0,0,0,NA,NA,0
"WSM","Samoa",2003,54.5562162116784,1798.12429714048,76.272148769255,0.115830115830107,0.817062394804595,0,0,0,NA,NA,0
"WSM","Samoa",2004,46.5159375767988,2189.26042607992,72.5293703149674,16.3131507905901,0.60844907406956,0,0,0,NA,NA,0
"WSM","Samoa",2005,38.2547584848731,2550.04221437511,76.2247442670718,1.85676392572949,0.78935616966683,0,0,0,NA,NA,0
"WSM","Samoa",2006,35.588540630925,2663.29135939532,82.4691938417408,3.70008680555553,4.3862032048739,0,0,0,NA,NA,0
"WSM","Samoa",2007,34.9720985853205,3038.61904093377,83.2022041824641,5.57706393219629,1.18938989753826,0,0,0,NA,NA,0
"WSM","Samoa",2008,34.5207265551583,3373.60639884263,73.8864270586579,11.565906838454,7.15667986967314,0,0,0,NA,NA,0
"WSM","Samoa",2009,42.3042907302263,3279.18269477295,75.9793921615973,6.32495336235228,1.57134083023162,0,0,0,NA,NA,0
"WSM","Samoa",2010,49.2281340404688,3524.2479246203,78.5698016774915,0.777007268777692,0.0494567694984404,0,0,0,NA,NA,0
"WSM","Samoa",2011,51.4266504216745,3821.50678264479,81.600955014363,5.23541591478434,2.0416002953816,0,0,0,NA,NA,0
"WSM","Samoa",2012,56.6667304370635,3934.60320799981,82.7339794775292,2.0490188352116,2.69957638721683,0,0,0,NA,NA,0
"WSM","Samoa",2013,60.7430476275739,4023.5254013825,77.877751737476,0.61008572090503,1.72885382959682,0,0,0,NA,NA,0
"WSM","Samoa",2014,63.0681594321805,3982.68080202084,80.5007740440855,-0.40681608842489,2.86810154101309,0,0,0,NA,NA,0
"WSM","Samoa",2015,57.7230691008524,4084.36083819933,74.6343545643839,0.724470134874729,3.26002743040368,0,0,0,NA,NA,0
"WSM","Samoa",2016,53.8119894638802,4147.07097674888,75.2118171706314,1.30471869303179,0.298684612802242,0,0,0,NA,NA,0
"WSM","Samoa",2017,55.0966362857982,4307.59381964907,74.011085031494,1.74989677484705,1.04146807605773,0,0,0,NA,NA,0
"WSM","Samoa",2018,52.574262285949,4231.81409469194,78.9349676190658,4.19745888663752,1.90261035583233,0,0,0,NA,NA,0
"WSM","Samoa",2019,49.5769047016337,4351.94234943706,83.3310820410377,0.982326569888117,-0.238656491573744,0,0,0,NA,NA,0
"WSM","Samoa",2020,56.9277996936748,4099.59660548583,77.4848006217247,-1.56891247740895,0.509397965194954,0,0,0,NA,NA,0
"WSM","Samoa",2021,60.9719418526438,4021.55934894283,59.7697791857954,3.13320473174494,1.04090555935629,0,0,0,NA,NA,0
"WSM","Samoa",2022,57.9346120849764,4132.44717734444,60.8477796541449,10.9618822286844,0.539647016745273,0,0,0,NA,NA,0
"LKA","Sri Lanka",1990,73.5872565959264,491.213686238493,68.243915172911,21.495252052759,0.539742838707762,0,0,0,NA,NA,0
"LKA","Sri Lanka",1991,73.7268450236287,546.292515570886,67.5959123930763,12.1856307214389,0.537191399720341,0,0,0,NA,NA,0
"LKA","Sri Lanka",1992,66.8956678114915,579.655117618283,72.8037565573982,11.3834370512206,1.26379157039996,0,0,0,NA,NA,0
"LKA","Sri Lanka",1993,66.7574792822412,607.231847102846,77.1475183409566,11.7467370174946,1.8810822763682,0,0,0,NA,NA,0
"LKA","Sri Lanka",1994,68.3569867524136,678.268012020205,79.4307906970319,8.44871248698348,1.42019594735505,0,0,0,NA,NA,0
"LKA","Sri Lanka",1995,65.2863193370948,741.838255293455,81.6350490886111,7.67484873449805,0.42975354803099,0,0,0,NA,NA,0
"LKA","Sri Lanka",1996,60.566993976522,776.192371057587,78.8739637143809,15.9358310447214,0.862545735590984,0,0,0,NA,NA,0
"LKA","Sri Lanka",1997,54.3409428816746,827.035756058631,80.1375533095503,9.57369626405162,2.84957994822129,0,0,0,NA,NA,0
"LKA","Sri Lanka",1998,58.2638122368145,847.533577843861,78.4949891255872,9.36424300683229,1.22725240374875,0,0,0,NA,NA,0
"LKA","Sri Lanka",1999,64.6786441247241,829.356379527539,78.7514783496374,4.69170563048438,1.12277824473328,0,0,0,NA,NA,0
"LKA","Sri Lanka",2000,57.7533288076129,860.199884304769,88.636441704913,6.17627591012045,1.04207418020439,0,0,0,NA,NA,0
"LKA","Sri Lanka",2001,57.8751303065509,803.544026627385,80.8986015327576,14.15845579912,1.09074720867871,0,0,0,NA,NA,0
"LKA","Sri Lanka",2002,62.1603882135227,834.936014905338,76.3351317826517,9.55103167007251,1.1882779089504,0,0,0,NA,NA,0
"LKA","Sri Lanka",2003,57.3262074199874,946.382255128072,75.336247330543,6.31463787051174,1.21132740876657,0,0,0,NA,NA,0
"LKA","Sri Lanka",2004,56.7045793171603,1028.62068132555,79.4829449011187,7.57592582995856,1.12667735136244,0,0,0,NA,NA,0
"LKA","Sri Lanka",2005,46.8753052051031,1207.21994764165,73.6039729580533,11.6396860971118,1.11612854301768,0,0,0,NA,NA,0
"LKA","Sri Lanka",2006,42.4995102864864,1388.89739119932,71.2611784883009,10.0201836057035,1.6970072277349,0,0,0,NA,NA,0
"LKA","Sri Lanka",2007,44.2579988597844,1578.63451125392,68.6065116601391,15.8421114924843,1.8639738781084,0,0,0,NA,NA,0
"LKA","Sri Lanka",2008,41.0645558757827,1973.58476901287,63.369043608222,22.5644955300126,1.84752962305149,0,0,0,NA,NA,0
"LKA","Sri Lanka",2009,46.9067288289757,2026.65939950702,49.1491415308235,3.46496322106074,0.960390452698523,0,0,0,NA,NA,0
"LKA","Sri Lanka",2010,37.3743097647659,2808.36244503709,NA,6.2176488930462,0.814446069624814,0,0,0,NA,NA,0
"LKA","Sri Lanka",2011,38.4422070940857,3224.95745150496,NA,6.7167684358854,1.41088360121529,0,0,0,NA,NA,0
"LKA","Sri Lanka",2012,51.6165842309571,3327.77613691283,NA,7.54291373239437,1.3359173422599,0,0,0,NA,NA,0
"LKA","Sri Lanka",2013,52.2481960961188,3739.43181100202,NA,6.90845034828452,1.21148000445532,0,0,0,NA,NA,0
"LKA","Sri Lanka",2014,52.3589316985507,3972.04375736464,NA,3.1790022823606,1.08277813761066,0,0,0,NA,NA,0
"LKA","Sri Lanka",2015,52.8797914705966,4057.7158346231,46.9179708088816,3.76836783062096,0.798746315198801,0,0,0,NA,NA,0
"LKA","Sri Lanka",2016,54.3824177664107,4149.19190775593,46.4715370252187,3.9588884659307,1.01937184461335,0,0,0,NA,NA,0
"LKA","Sri Lanka",2017,55.1482519976375,4398.88828068715,47.1404098004644,7.70413767850602,1.45462805347273,0,0,0,NA,NA,0
"LKA","Sri Lanka",2018,57.4892865658485,4358.56095906047,49.8093967521361,2.135037737132,1.70888696252001,0,0,0,NA,NA,0
"LKA","Sri Lanka",2019,64.8548435072259,4081.94772722003,49.42552388546,3.52839358231811,0.835367459152173,0,0,0,NA,NA,0
"LKA","Sri Lanka",2020,69.3131980107832,3847.60137695639,37.089118857292,6.15394508391738,0.514700552667608,0,0,0,NA,NA,0
"LKA","Sri Lanka",2021,67.8564357341891,3996.96240014909,41.2288463291999,7.01478071238195,0.66882570941316,0,0,0,NA,NA,0
"LKA","Sri Lanka",2022,81.2809065665702,3342.63650253855,46.6826080196819,49.7211021114327,1.19249322228342,0,0,0,NA,NA,0
"YEM","Yemen, Rep.",1990,50.5753197786632,910.422465960748,27.6276662296057,NA,-1.03528825747847,0,0,0,NA,NA,0
"YEM","Yemen, Rep.",1991,45.664383767579,1016.30223044813,47.921359321418,36,1.9262967547067,0,0,0,NA,NA,0
"YEM","Yemen, Rep.",1992,37.4702530825775,1198.13031674085,46.1503514733973,29.4117647058824,3.99791369174564,0,0,0,NA,NA,0
"YEM","Yemen, Rep.",1993,27.872582078865,1396.61544419009,58.1404142358624,35.7522980164491,4.15424482588227,0,0,0,NA,NA,0
"YEM","Yemen, Rep.",1994,22.386817624497,1735.04419543214,68.9640403073869,49.3941553813254,0.0563893329846604,0,0,0,NA,NA,0
"YEM","Yemen, Rep.",1995,51.0678413482896,764.414656090937,87.4446919838225,55.0811068702292,-1.70126695121292,0,0,0,NA,NA,0
"YEM","Yemen, Rep.",1996,107.993500724525,375.214994663363,85.9391074430978,30.7337332718043,-0.925161426893741,0,0,0,NA,NA,0
"YEM","Yemen, Rep.",1997,62.9272702667056,382.584928722421,80.145988654048,2.17672667372646,-2.02535761463574,0,0,0,NA,NA,0
"YEM","Yemen, Rep.",1998,96.8743622752142,342.73940747773,72.6619985473237,5.9765085214186,-3.47032437981897,0,0,0,NA,NA,0
"YEM","Yemen, Rep.",1999,73.9123190307342,401.448141660801,72.0039277408966,8.66021949364346,-4.02653360193704,0,0,0,NA,NA,0
"YEM","Yemen, Rep.",2000,57.8779322460083,493.235182634814,75.4388386390908,4.58999999999981,0.066115307019514,0,0,0,NA,NA,0
"YEM","Yemen, Rep.",2001,56.6211726811815,487.141257946318,70.8923979770182,11.9115912929855,1.57455746010621,0,0,0,NA,NA,0
"YEM","Yemen, Rep.",2002,53.9079192914605,513.241486570603,74.7304558609206,12.2385339389711,1.06889926368752,0,0,0,NA,NA,0
"YEM","Yemen, Rep.",2003,50.9779736567886,548.905883049973,74.3826165968098,10.8323607023242,-0.756584613746177,0,0,0,NA,NA,0
"YEM","Yemen, Rep.",2004,44.7510933982156,627.632023395762,71.8466740069203,12.5150951495207,1.03534601615477,0,0,0,NA,NA,0
"YEM","Yemen, Rep.",2005,36.2293847900949,734.159908450927,76.773285677642,11.8112639374949,-1.80531053584597,0,0,0,NA,NA,0
"YEM","Yemen, Rep.",2006,32.0479351165659,809.713127624703,82.0761626564135,10.8447986914257,5.88029989730047,0,0,0,NA,NA,0
"YEM","Yemen, Rep.",2007,30.3217469879413,890.305768114988,79.1234205876059,7.9051177898873,4.23684804102557,0,0,0,NA,NA,0
"YEM","Yemen, Rep.",2008,24.9189986462038,1071.63583282105,81.244718850294,18.9762574318076,5.7769623200871,0,0,0,NA,NA,0
"YEM","Yemen, Rep.",2009,28.3794552874399,969.243509864478,68.0713910145084,5.40776098077522,0.51412085018398,0,0,0,NA,NA,0
"YEM","Yemen, Rep.",2010,22.3614461274604,1155.20305261418,64.3856367797178,11.1748338605044,0.610357927076417,0,0,0,NA,NA,0
"YEM","Yemen, Rep.",2011,21.1560386850362,1186.47500581215,63.0594579549043,19.5435617131144,-1.58233916831705,0,0,0,NA,NA,0
"YEM","Yemen, Rep.",2012,22.4223066776646,1245.05068272078,61.3616371825683,9.88538714484871,-0.0402221829314871,0,0,0,NA,NA,0
"YEM","Yemen, Rep.",2013,19.9195898806446,1378.75002954928,52.5118781367089,10.9684421500198,-0.330496410064222,0,0,0,NA,NA,0
"YEM","Yemen, Rep.",2014,18.9285075475327,1430.16420964026,48.2430405122774,8.10472583623915,-0.539237328374498,0,0,0,NA,NA,0
"YEM","Yemen, Rep.",2015,17.6143618724711,1362.1738120601,30.3676590844637,NA,-0.0363882528160336,0,0,0,NA,NA,0
"YEM","Yemen, Rep.",2016,22.8411480514233,975.359417003225,31.0815442908559,NA,-1.79131212045889,0,0,0,NA,NA,0
"YEM","Yemen, Rep.",2017,27.5534343808365,811.165970405745,42.9699046721967,NA,-1.00531889341895,0,0,0,NA,NA,0
"YEM","Yemen, Rep.",2018,33.5129923155829,633.887202451545,56.0778227215077,NA,-1.30563839823089,0,0,0,NA,NA,0
"YEM","Yemen, Rep.",2019,NA,NA,NA,NA,NA,0,0,0,NA,NA,0
"YEM","Yemen, Rep.",2020,NA,NA,NA,NA,NA,0,0,0,NA,NA,0
"YEM","Yemen, Rep.",2021,NA,NA,NA,NA,NA,0,0,0,NA,NA,0
"YEM","Yemen, Rep.",2022,NA,NA,NA,NA,NA,0,0,0,NA,NA,0
"ZWE","Zimbabwe",1990,47.1815721393905,866.928868406131,45.6592519741447,NA,-0.138887448904576,0,0,0,NA,NA,0
"ZWE","Zimbabwe",1991,52.6086383743314,830.961354818769,51.0525098311358,NA,0.0322748773481381,0,0,0,NA,NA,0
"ZWE","Zimbabwe",1992,84.3407178437299,631.149149280088,63.7120651369356,NA,0.22131605546363,0,0,0,NA,NA,0
"ZWE","Zimbabwe",1993,86.9028416137843,604.70311652877,63.1695153983783,NA,0.425674907341227,0,0,0,NA,NA,0
"ZWE","Zimbabwe",1994,91.6215702122571,634.062003018813,71.1208615875549,NA,0.502576489778987,0,0,0,NA,NA,0
"ZWE","Zimbabwe",1995,101.389497612228,648.315259628165,79.156711173577,NA,1.65425158116655,0,0,0,NA,NA,0
"ZWE","Zimbabwe",1996,78.1432828855469,766.913775859535,72.068361086766,NA,0.945369558866491,0,0,0,NA,NA,0
"ZWE","Zimbabwe",1997,83.8664177237669,750.583100340929,82.2035387860323,NA,1.58307944691821,0,0,0,NA,NA,0
"ZWE","Zimbabwe",1998,119.490594216077,552.448328691252,88.5133289098786,NA,6.93649740447289,0,0,0,NA,NA,0
"ZWE","Zimbabwe",1999,96.7891971374187,582.299355588147,70.9210813961962,NA,0.859870290752751,0,0,0,NA,NA,0
"ZWE","Zimbabwe",2000,90.8863648169142,562.833757496076,74.0708923168864,NA,0.346617861278153,0,0,0,NA,NA,0
"ZWE","Zimbabwe",2001,81.8438701318003,566.388746448872,67.8980938686723,NA,0.0560409984146296,0,0,0,NA,NA,0
"ZWE","Zimbabwe",2002,90.253029869697,524.936478570323,66.8098183680706,NA,0.408179346755447,0,0,0,NA,NA,0
"ZWE","Zimbabwe",2003,111.628498516355,468.471932927213,70.4519675420993,NA,0.0663118401535643,0,0,0,NA,NA,0
"ZWE","Zimbabwe",2004,130.36375125036,469.719298949304,76.0394249806318,NA,0.149780494103469,0,0,0,NA,NA,0
"ZWE","Zimbabwe",2005,118.120515606233,461.271387547912,76.043068640646,NA,1.78526462032736,0,0,0,NA,NA,0
"ZWE","Zimbabwe",2006,151.807752237904,431.034994414964,82.8200302932942,NA,0.734382888878689,0,0,0,NA,NA,0
"ZWE","Zimbabwe",2007,200.655819185111,413.521244592925,84.1682798999008,NA,1.30128901270126,0,0,0,NA,NA,0
"ZWE","Zimbabwe",2008,389.050797400325,340.917447588572,109.523540063377,NA,1.16794929832503,0,0,0,NA,NA,0
"ZWE","Zimbabwe",2009,69.3199185296309,735.821693871697,61.7764909650234,NA,1.08574826151022,0,0,0,NA,NA,0
"ZWE","Zimbabwe",2010,61.6616591918891,902.010759067388,83.1234047851259,3.02267002518892,1.01750672670554,0,0,0,NA,NA,0
"ZWE","Zimbabwe",2011,58.1933132092827,1037.77565157218,89.4659437238642,3.4661297281749,2.44028634205117,0,0,0,NA,NA,0
"ZWE","Zimbabwe",2012,56.5781879647304,1239.22709745709,74.1627003825153,3.72532666110646,2.04309866557655,0,0,0,NA,NA,0
"ZWE","Zimbabwe",2013,48.0336458336228,1362.99498323368,58.6560737143829,1.63495041543822,1.95306467023546,0,0,0,NA,NA,0
"ZWE","Zimbabwe",2014,46.7229019950986,1372.91526173161,54.6717592473918,-0.19778481012661,2.42393171156853,0,0,0,NA,NA,0
"ZWE","Zimbabwe",2015,51.4630008713502,1387.12632595026,56.7496526604333,-2.43096842383404,1.99867322543902,0,0,0,NA,NA,0
"ZWE","Zimbabwe",2016,62.9386632480421,1408.13945253431,51.2190376594477,-1.54366960054161,1.66841598492163,0,0,0,NA,NA,0
"ZWE","Zimbabwe",2017,26.2092006727428,3445.44941020134,55.028317831061,0.893962316050027,0.601908067055593,0,0,0,NA,NA,0
"ZWE","Zimbabwe",2018,38.8251492700611,2270.89531874302,54.55031658746,10.6188658669575,1.21217684971106,0,0,0,NA,NA,0
"ZWE","Zimbabwe",2019,49.647327935742,2184.32923855469,46.1065442675515,255.304990757856,0.748473073606359,0,0,0,NA,NA,0
"ZWE","Zimbabwe",2020,49.5024215404777,2059.67445384499,40.1784062234355,557.201817362051,0.470482157673421,0,0,0,NA,NA,0
"ZWE","Zimbabwe",2021,53.0056934335053,2613.60542083552,44.1145594899855,98.5461050920624,0.575184665386161,0,0,0,NA,NA,0
"ZWE","Zimbabwe",2022,44.0904531905056,2536.40050223076,55.0673522476036,104.705170628667,0.826254039449821,0,0,0,NA,NA,0
